image_index,finding_label,bb_x,bb_y,bb_w,bb_h,,,
00013118_008.png,Atelectasis,225.084745762712,547.019216763771,86.7796610169491,79.1864406779661